gKartYoshi002Wheel1	0x9f5cf0
gKartYoshi002Wheel2	0x9f5d70
gKartYoshi002Wheel3	0x9f5df0
gKartYoshi003Wheel0	0x9f5e70
gKartYoshi003Wheel1	0x9f5ef0
gKartYoshi003Wheel2	0x9f5f70
gKartYoshi003Wheel3	0x9f5ff0
gKartYoshi004Wheel0	0x9f6070
gKartYoshi004Wheel1	0x9f60f0
gKartYoshi004Wheel2	0x9f6170
gKartYoshi004Wheel3	0x9f61f0
gKartYoshi005Wheel0	0x9f6270
gKartYoshi005Wheel1	0x9f62f0
gKartYoshi005Wheel2	0x9f6370
gKartYoshi005Wheel3	0x9f63f0
gKartYoshi006Wheel0	0x9f6470
gKartYoshi006Wheel1	0x9f64f0
gKartYoshi006Wheel2	0x9f6570
gKartYoshi006Wheel3	0x9f65f0
gKartYoshi007Wheel0	0x9f6670
gKartYoshi007Wheel1	0x9f66f0
gKartYoshi007Wheel2	0x9f6770
gKartYoshi007Wheel3	0x9f67f0
gKartYoshi008Wheel0	0x9f6870
gKartYoshi008Wheel1	0x9f68f0
gKartYoshi008Wheel2	0x9f6970
gKartYoshi008Wheel3	0x9f69f0
gKartYoshi009Wheel0	0x9f6a70
gKartYoshi009Wheel1	0x9f6af0
gKartYoshi009Wheel2	0x9f6b70
gKartYoshi009Wheel3	0x9f6bf0
gKartYoshi010Wheel0	0x9f6c70
gKartYoshi010Wheel1	0x9f6cf0
gKartYoshi010Wheel2	0x9f6d70
gKartYoshi010Wheel3	0x9f6df0
gKartYoshi011Wheel0	0x9f6e70
gKartYoshi011Wheel1	0x9f6ef0
gKartYoshi011Wheel2	0x9f6f70
gKartYoshi011Wheel3	0x9f6ff0
gKartYoshi012Wheel0	0x9f7070
gKartYoshi012Wheel1	0x9f70f0
gKartYoshi012Wheel2	0x9f7170
gKartYoshi012Wheel3	0x9f71f0
gKartYoshi013Wheel0	0x9f7270
gKartYoshi013Wheel1	0x9f72f0
gKartYoshi013Wheel2	0x9f7370
gKartYoshi013Wheel3	0x9f73f0
gKartYoshi014Wheel0	0x9f7470
gKartYoshi014Wheel1	0x9f74f0
gKartYoshi014Wheel2	0x9f7570
gKartYoshi014Wheel3	0x9f75f0
gKartYoshi015Wheel0	0x9f7670
gKartYoshi015Wheel1	0x9f76f0
gKartYoshi015Wheel2	0x9f7770
gKartYoshi015Wheel3	0x9f77f0
gKartYoshi016Wheel0	0x9f7870
gKartYoshi016Wheel1	0x9f78f0
gKartYoshi016Wheel2	0x9f7970
gKartYoshi016Wheel3	0x9f79f0
gKartYoshi017Wheel0	0x9f7a70
gKartYoshi017Wheel1	0x9f7af0
gKartYoshi017Wheel2	0x9f7b70
gKartYoshi017Wheel3	0x9f7bf0
gKartYoshi018Wheel0	0x9f7c70
gKartYoshi018Wheel1	0x9f7cf0
gKartYoshi018Wheel2	0x9f7d70
gKartYoshi018Wheel3	0x9f7df0
gKartYoshi019Wheel0	0x9f7e70
gKartYoshi019Wheel1	0x9f7ef0
gKartYoshi019Wheel2	0x9f7f70
gKartYoshi019Wheel3	0x9f7ff0
gKartYoshi020Wheel0	0x9f8070
gKartYoshi020Wheel1	0x9f80f0
gKartYoshi020Wheel2	0x9f8170
gKartYoshi020Wheel3	0x9f81f0
gKartYoshi021Wheel0	0x9f8270
gKartYoshi021Wheel1	0x9f82f0
gKartYoshi021Wheel2	0x9f8370
gKartYoshi021Wheel3	0x9f83f0
gKartYoshi022Wheel0	0x9f8470
gKartYoshi022Wheel1	0x9f84f0
gKartYoshi022Wheel2	0x9f8570
gKartYoshi022Wheel3	0x9f85f0
gKartYoshi023Wheel0	0x9f8670
gKartYoshi023Wheel1	0x9f86f0
gKartYoshi023Wheel2	0x9f8770
gKartYoshi023Wheel3	0x9f87f0
gKartYoshi024Wheel0	0x9f8870
gKartYoshi024Wheel1	0x9f88f0
gKartYoshi024Wheel2	0x9f8970
gKartYoshi024Wheel3	0x9f89f0
gKartYoshi025Wheel0	0x9f8a70
gKartYoshi025Wheel1	0x9f8af0
gKartYoshi025Wheel2	0x9f8b70
gKartYoshi025Wheel3	0x9f8bf0
gKartYoshi026Wheel0	0x9f8c70
gKartYoshi026Wheel1	0x9f8cf0
gKartYoshi026Wheel2	0x9f8d70
gKartYoshi026Wheel3	0x9f8df0
gKartYoshi027Wheel0	0x9f8e70
gKartYoshi027Wheel1	0x9f8ef0
gKartYoshi027Wheel2	0x9f8f70
gKartYoshi027Wheel3	0x9f8ff0
gKartYoshi028Wheel0	0x9f9070
gKartYoshi028Wheel1	0x9f90f0
gKartYoshi028Wheel2	0x9f9170
gKartYoshi028Wheel3	0x9f91f0
gKartYoshi029Wheel0	0x9f9270
gKartYoshi029Wheel1	0x9f92f0
gKartYoshi029Wheel2	0x9f9370
gKartYoshi029Wheel3	0x9f93f0
gKartYoshi030Wheel0	0x9f9470
gKartYoshi030Wheel1	0x9f94f0
gKartYoshi030Wheel2	0x9f9570
gKartYoshi030Wheel3	0x9f95f0
gKartYoshi031Wheel0	0x9f9670
gKartYoshi031Wheel1	0x9f96f0
gKartYoshi031Wheel2	0x9f9770
gKartYoshi031Wheel3	0x9f97f0
gKartYoshi032Wheel0	0x9f9870
gKartYoshi032Wheel1	0x9f98f0
gKartYoshi032Wheel2	0x9f9970
gKartYoshi032Wheel3	0x9f99f0
gKartYoshi033Wheel0	0x9f9a70
gKartYoshi033Wheel1	0x9f9af0
gKartYoshi033Wheel2	0x9f9b70
gKartYoshi033Wheel3	0x9f9bf0
gKartYoshi034Wheel0	0x9f9c70
gKartYoshi034Wheel1	0x9f9cf0
gKartYoshi034Wheel2	0x9f9d70
gKartYoshi034Wheel3	0x9f9df0
gKartYoshi035Wheel0	0x9f9e70
gKartYoshi035Wheel1	0x9f9ef0
gKartYoshi035Wheel2	0x9f9f70
gKartYoshi035Wheel3	0x9f9ff0
gKartYoshi036Wheel0	0x9fa070
gKartYoshi036Wheel1	0x9fa0f0
gKartYoshi036Wheel2	0x9fa170
gKartYoshi036Wheel3	0x9fa1f0
gKartYoshi037Wheel0	0x9fa270
gKartYoshi037Wheel1	0x9fa2f0
gKartYoshi037Wheel2	0x9fa370
gKartYoshi037Wheel3	0x9fa3f0
gKartYoshi038Wheel0	0x9fa470
gKartYoshi038Wheel1	0x9fa4f0
gKartYoshi038Wheel2	0x9fa570
gKartYoshi038Wheel3	0x9fa5f0
gKartYoshi039Wheel0	0x9fa670
gKartYoshi039Wheel1	0x9fa6f0
gKartYoshi039Wheel2	0x9fa770
gKartYoshi039Wheel3	0x9fa7f0
gKartYoshi040Wheel0	0x9fa870
gKartYoshi040Wheel1	0x9fa8f0
gKartYoshi040Wheel2	0x9fa970
gKartYoshi040Wheel3	0x9fa9f0
gKartYoshi041Wheel0	0x9faa70
gKartYoshi041Wheel1	0x9faaf0
gKartYoshi041Wheel2	0x9fab70
gKartYoshi041Wheel3	0x9fabf0
gKartYoshi042Wheel0	0x9fac70
gKartYoshi042Wheel1	0x9facf0
gKartYoshi042Wheel2	0x9fad70
gKartYoshi042Wheel3	0x9fadf0
gKartYoshi043Wheel0	0x9fae70
gKartYoshi043Wheel1	0x9faef0
gKartYoshi043Wheel2	0x9faf70
gKartYoshi043Wheel3	0x9faff0
gKartYoshi044Wheel0	0x9fb070
gKartYoshi044Wheel1	0x9fb0f0
gKartYoshi044Wheel2	0x9fb170
gKartYoshi044Wheel3	0x9fb1f0
gKartYoshi045Wheel0	0x9fb270
gKartYoshi045Wheel1	0x9fb2f0
gKartYoshi045Wheel2	0x9fb370
gKartYoshi045Wheel3	0x9fb3f0
gKartYoshi046Wheel0	0x9fb470
gKartYoshi046Wheel1	0x9fb4f0
gKartYoshi046Wheel2	0x9fb570
gKartYoshi046Wheel3	0x9fb5f0
gKartYoshi047Wheel0	0x9fb670
gKartYoshi047Wheel1	0x9fb6f0
gKartYoshi047Wheel2	0x9fb770
gKartYoshi047Wheel3	0x9fb7f0
gKartYoshi048Wheel0	0x9fb870
gKartYoshi048Wheel1	0x9fb8f0
gKartYoshi048Wheel2	0x9fb970
gKartYoshi048Wheel3	0x9fb9f0
gKartYoshi049Wheel0	0x9fba70
gKartYoshi049Wheel1	0x9fbaf0
gKartYoshi049Wheel2	0x9fbb70
gKartYoshi049Wheel3	0x9fbbf0
gKartYoshi050Wheel0	0x9fbc70
gKartYoshi050Wheel1	0x9fbcf0
gKartYoshi050Wheel2	0x9fbd70
gKartYoshi050Wheel3	0x9fbdf0
gKartYoshi051Wheel0	0x9fbe70
gKartYoshi051Wheel1	0x9fbef0
gKartYoshi051Wheel2	0x9fbf70
gKartYoshi051Wheel3	0x9fbff0
gKartYoshi052Wheel0	0x9fc070
gKartYoshi052Wheel1	0x9fc0f0
gKartYoshi052Wheel2	0x9fc170
gKartYoshi052Wheel3	0x9fc1f0
gKartYoshi053Wheel0	0x9fc270
gKartYoshi053Wheel1	0x9fc2f0
gKartYoshi053Wheel2	0x9fc370
gKartYoshi053Wheel3	0x9fc3f0
gKartYoshi054Wheel0	0x9fc470
gKartYoshi054Wheel1	0x9fc4f0
gKartYoshi054Wheel2	0x9fc570
gKartYoshi054Wheel3	0x9fc5f0
gKartYoshi055Wheel0	0x9fc670
gKartYoshi055Wheel1	0x9fc6f0
gKartYoshi055Wheel2	0x9fc770
gKartYoshi055Wheel3	0x9fc7f0
gKartYoshi056Wheel0	0x9fc870
gKartYoshi056Wheel1	0x9fc8f0
gKartYoshi056Wheel2	0x9fc970
gKartYoshi056Wheel3	0x9fc9f0
gKartYoshi057Wheel0	0x9fca70
gKartYoshi057Wheel1	0x9fcaf0
gKartYoshi057Wheel2	0x9fcb70
gKartYoshi057Wheel3	0x9fcbf0
gKartYoshi058Wheel0	0x9fcc70
gKartYoshi058Wheel1	0x9fccf0
gKartYoshi058Wheel2	0x9fcd70
gKartYoshi058Wheel3	0x9fcdf0
gKartYoshi059Wheel0	0x9fce70
gKartYoshi059Wheel1	0x9fcef0
gKartYoshi059Wheel2	0x9fcf70
gKartYoshi059Wheel3	0x9fcff0
gKartYoshi060Wheel0	0x9fd070
gKartYoshi060Wheel1	0x9fd0f0
gKartYoshi060Wheel2	0x9fd170
gKartYoshi060Wheel3	0x9fd1f0
gKartYoshi061Wheel0	0x9fd270
gKartYoshi061Wheel1	0x9fd2f0
gKartYoshi061Wheel2	0x9fd370
gKartYoshi061Wheel3	0x9fd3f0
gKartYoshi062Wheel0	0x9fd470
gKartYoshi062Wheel1	0x9fd4f0
gKartYoshi062Wheel2	0x9fd570
gKartYoshi062Wheel3	0x9fd5f0
gKartYoshi063Wheel0	0x9fd670
gKartYoshi063Wheel1	0x9fd6f0
gKartYoshi063Wheel2	0x9fd770
gKartYoshi063Wheel3	0x9fd7f0
gKartYoshi064Wheel0	0x9fd870
gKartYoshi064Wheel1	0x9fd8f0
gKartYoshi064Wheel2	0x9fd970
gKartYoshi064Wheel3	0x9fd9f0
gKartYoshi065Wheel0	0x9fda70
gKartYoshi065Wheel1	0x9fdaf0
gKartYoshi065Wheel2	0x9fdb70
gKartYoshi065Wheel3	0x9fdbf0
gKartYoshi066Wheel0	0x9fdc70
gKartYoshi066Wheel1	0x9fdcf0
gKartYoshi066Wheel2	0x9fdd70
gKartYoshi066Wheel3	0x9fddf0
gKartYoshi067Wheel0	0x9fde70
gKartYoshi067Wheel1	0x9fdef0
gKartYoshi067Wheel2	0x9fdf70
gKartYoshi067Wheel3	0x9fdff0
gKartYoshi068Wheel0	0x9fe070
gKartYoshi068Wheel1	0x9fe0f0
gKartYoshi068Wheel2	0x9fe170
gKartYoshi068Wheel3	0x9fe1f0
gKartYoshi069Wheel0	0x9fe270
gKartYoshi069Wheel1	0x9fe2f0
gKartYoshi069Wheel2	0x9fe370
gKartYoshi069Wheel3	0x9fe3f0
gKartYoshi070Wheel0	0x9fe470
gKartYoshi070Wheel1	0x9fe4f0
gKartYoshi070Wheel2	0x9fe570
gKartYoshi070Wheel3	0x9fe5f0
gKartYoshi071Wheel0	0x9fe670
gKartYoshi071Wheel1	0x9fe6f0
gKartYoshi071Wheel2	0x9fe770
gKartYoshi071Wheel3	0x9fe7f0
gKartYoshi072Wheel0	0x9fe870
gKartYoshi072Wheel1	0x9fe8f0
gKartYoshi072Wheel2	0x9fe970
gKartYoshi072Wheel3	0x9fe9f0
gKartYoshi073Wheel0	0x9fea70
gKartYoshi073Wheel1	0x9feaf0
gKartYoshi073Wheel2	0x9feb70
gKartYoshi073Wheel3	0x9febf0
gKartYoshi074Wheel0	0x9fec70
gKartYoshi074Wheel1	0x9fecf0
gKartYoshi074Wheel2	0x9fed70
gKartYoshi074Wheel3	0x9fedf0
gKartYoshi075Wheel0	0x9fee70
gKartYoshi075Wheel1	0x9feef0
gKartYoshi075Wheel2	0x9fef70
gKartYoshi075Wheel3	0x9feff0
gKartYoshi076Wheel0	0x9ff070
gKartYoshi076Wheel1	0x9ff0f0
gKartYoshi076Wheel2	0x9ff170
gKartYoshi076Wheel3	0x9ff1f0
gKartYoshi077Wheel0	0x9ff270
gKartYoshi077Wheel1	0x9ff2f0
gKartYoshi077Wheel2	0x9ff370
gKartYoshi077Wheel3	0x9ff3f0
gKartYoshi078Wheel0	0x9ff470
gKartYoshi078Wheel1	0x9ff4f0
gKartYoshi078Wheel2	0x9ff570
gKartYoshi078Wheel3	0x9ff5f0
gKartYoshi079Wheel0	0x9ff670
gKartYoshi079Wheel1	0x9ff6f0
gKartYoshi079Wheel2	0x9ff770
gKartYoshi079Wheel3	0x9ff7f0
gKartYoshi080Wheel0	0x9ff870
gKartYoshi080Wheel1	0x9ff8f0
gKartYoshi080Wheel2	0x9ff970
gKartYoshi080Wheel3	0x9ff9f0
gKartYoshi081Wheel0	0x9ffa70
gKartYoshi081Wheel1	0x9ffaf0
gKartYoshi081Wheel2	0x9ffb70
gKartYoshi081Wheel3	0x9ffbf0
gKartYoshi082Wheel0	0x9ffc70
gKartYoshi082Wheel1	0x9ffcf0
gKartYoshi082Wheel2	0x9ffd70
gKartYoshi082Wheel3	0x9ffdf0
gKartYoshi083Wheel0	0x9ffe70
gKartYoshi083Wheel1	0x9ffef0
gKartYoshi083Wheel2	0x9fff70
gKartYoshi083Wheel3	0x9ffff0
gKartYoshi084Wheel0	0xa00070
gKartYoshi084Wheel1	0xa000f0
gKartYoshi084Wheel2	0xa00170
gKartYoshi084Wheel3	0xa001f0
gKartYoshi085Wheel0	0xa00270
gKartYoshi085Wheel1	0xa002f0
gKartYoshi085Wheel2	0xa00370
gKartYoshi085Wheel3	0xa003f0
gKartYoshi086Wheel0	0xa00470
gKartYoshi086Wheel1	0xa004f0
gKartYoshi086Wheel2	0xa00570
gKartYoshi086Wheel3	0xa005f0
gKartYoshi087Wheel0	0xa00670
gKartYoshi087Wheel1	0xa006f0
gKartYoshi087Wheel2	0xa00770
gKartYoshi087Wheel3	0xa007f0
gKartYoshi088Wheel0	0xa00870
gKartYoshi088Wheel1	0xa008f0
gKartYoshi088Wheel2	0xa00970
gKartYoshi088Wheel3	0xa009f0
gKartYoshi089Wheel0	0xa00a70
gKartYoshi089Wheel1	0xa00af0
gKartYoshi089Wheel2	0xa00b70
gKartYoshi089Wheel3	0xa00bf0
gKartYoshi090Wheel0	0xa00c70
gKartYoshi090Wheel1	0xa00cf0
gKartYoshi090Wheel2	0xa00d70
gKartYoshi090Wheel3	0xa00df0
gKartYoshi091Wheel0	0xa00e70
gKartYoshi091Wheel1	0xa00ef0
gKartYoshi091Wheel2	0xa00f70
gKartYoshi091Wheel3	0xa00ff0
gKartYoshi092Wheel0	0xa01070
gKartYoshi092Wheel1	0xa010f0
gKartYoshi092Wheel2	0xa01170
gKartYoshi092Wheel3	0xa011f0
gKartYoshi093Wheel0	0xa01270
gKartYoshi093Wheel1	0xa012f0
gKartYoshi093Wheel2	0xa01370
gKartYoshi093Wheel3	0xa013f0
gKartYoshi094Wheel0	0xa01470
gKartYoshi094Wheel1	0xa014f0
gKartYoshi094Wheel2	0xa01570
gKartYoshi094Wheel3	0xa015f0
gKartYoshi095Wheel0	0xa01670
gKartYoshi095Wheel1	0xa016f0
gKartYoshi095Wheel2	0xa01770
gKartYoshi095Wheel3	0xa017f0
gKartYoshi096Wheel0	0xa01870
gKartYoshi096Wheel1	0xa018f0
gKartYoshi096Wheel2	0xa01970
gKartYoshi096Wheel3	0xa019f0
gKartYoshi097Wheel0	0xa01a70
gKartYoshi097Wheel1	0xa01af0
gKartYoshi097Wheel2	0xa01b70
gKartYoshi097Wheel3	0xa01bf0
gKartYoshi098Wheel0	0xa01c70
gKartYoshi098Wheel1	0xa01cf0
gKartYoshi098Wheel2	0xa01d70
gKartYoshi098Wheel3	0xa01df0
gKartYoshi099Wheel0	0xa01e70
gKartYoshi099Wheel1	0xa01ef0
gKartYoshi099Wheel2	0xa01f70
gKartYoshi099Wheel3	0xa01ff0
gKartYoshi100Wheel0	0xa02070
gKartYoshi100Wheel1	0xa020f0
gKartYoshi100Wheel2	0xa02170
gKartYoshi100Wheel3	0xa021f0
gKartYoshi101Wheel0	0xa02270
gKartYoshi101Wheel1	0xa022f0
gKartYoshi101Wheel2	0xa02370
gKartYoshi101Wheel3	0xa023f0
gKartYoshi102Wheel0	0xa02470
gKartYoshi102Wheel1	0xa024f0
gKartYoshi102Wheel2	0xa02570
gKartYoshi102Wheel3	0xa025f0
gKartYoshi103Wheel0	0xa02670
gKartYoshi103Wheel1	0xa026f0
gKartYoshi103Wheel2	0xa02770
gKartYoshi103Wheel3	0xa027f0
gKartYoshi104Wheel0	0xa02870
gKartYoshi104Wheel1	0xa028f0
gKartYoshi104Wheel2	0xa02970
gKartYoshi104Wheel3	0xa029f0
gKartYoshi105Wheel0	0xa02a70
gKartYoshi105Wheel1	0xa02af0
gKartYoshi105Wheel2	0xa02b70
gKartYoshi105Wheel3	0xa02bf0
gKartYoshi106Wheel0	0xa02c70
gKartYoshi106Wheel1	0xa02cf0
gKartYoshi106Wheel2	0xa02d70
gKartYoshi106Wheel3	0xa02df0
gKartYoshi107Wheel0	0xa02e70
gKartYoshi107Wheel1	0xa02ef0
gKartYoshi107Wheel2	0xa02f70
gKartYoshi107Wheel3	0xa02ff0
gKartYoshi108Wheel0	0xa03070
gKartYoshi108Wheel1	0xa030f0
gKartYoshi108Wheel2	0xa03170
gKartYoshi108Wheel3	0xa031f0
gKartYoshi109Wheel0	0xa03270
gKartYoshi109Wheel1	0xa032f0
gKartYoshi109Wheel2	0xa03370
gKartYoshi109Wheel3	0xa033f0
gKartYoshi110Wheel0	0xa03470
gKartYoshi110Wheel1	0xa034f0
gKartYoshi110Wheel2	0xa03570
gKartYoshi110Wheel3	0xa035f0
gKartYoshi111Wheel0	0xa03670
gKartYoshi111Wheel1	0xa036f0
gKartYoshi111Wheel2	0xa03770
gKartYoshi111Wheel3	0xa037f0
gKartYoshi112Wheel0	0xa03870
gKartYoshi112Wheel1	0xa038f0
gKartYoshi112Wheel2	0xa03970
gKartYoshi112Wheel3	0xa039f0
gKartYoshi113Wheel0	0xa03a70
gKartYoshi113Wheel1	0xa03af0
gKartYoshi113Wheel2	0xa03b70
gKartYoshi113Wheel3	0xa03bf0
gKartYoshi114Wheel0	0xa03c70
gKartYoshi114Wheel1	0xa03cf0
gKartYoshi114Wheel2	0xa03d70
gKartYoshi114Wheel3	0xa03df0
gKartYoshi115Wheel0	0xa03e70
gKartYoshi115Wheel1	0xa03ef0
gKartYoshi115Wheel2	0xa03f70
gKartYoshi115Wheel3	0xa03ff0
gKartYoshi116Wheel0	0xa04070
gKartYoshi116Wheel1	0xa040f0
gKartYoshi116Wheel2	0xa04170
gKartYoshi116Wheel3	0xa041f0
gKartYoshi117Wheel0	0xa04270
gKartYoshi117Wheel1	0xa042f0
gKartYoshi117Wheel2	0xa04370
gKartYoshi117Wheel3	0xa043f0
gKartYoshi118Wheel0	0xa04470
gKartYoshi118Wheel1	0xa044f0
gKartYoshi118Wheel2	0xa04570
gKartYoshi118Wheel3	0xa045f0
gKartYoshi119Wheel0	0xa04670
gKartYoshi119Wheel1	0xa046f0
gKartYoshi119Wheel2	0xa04770
gKartYoshi119Wheel3	0xa047f0
gKartYoshi120Wheel0	0xa04870
gKartYoshi120Wheel1	0xa048f0
gKartYoshi120Wheel2	0xa04970
gKartYoshi120Wheel3	0xa049f0
gKartYoshi121Wheel0	0xa04a70
gKartYoshi121Wheel1	0xa04af0
gKartYoshi121Wheel2	0xa04b70
gKartYoshi121Wheel3	0xa04bf0
gKartYoshi122Wheel0	0xa04c70
gKartYoshi122Wheel1	0xa04cf0
gKartYoshi122Wheel2	0xa04d70
gKartYoshi122Wheel3	0xa04df0
gKartYoshi123Wheel0	0xa04e70
gKartYoshi123Wheel1	0xa04ef0
gKartYoshi123Wheel2	0xa04f70
gKartYoshi123Wheel3	0xa04ff0
gKartYoshi124Wheel0	0xa05070
gKartYoshi124Wheel1	0xa050f0
gKartYoshi124Wheel2	0xa05170
gKartYoshi124Wheel3	0xa051f0
gKartYoshi125Wheel0	0xa05270
gKartYoshi125Wheel1	0xa052f0
gKartYoshi125Wheel2	0xa05370
gKartYoshi125Wheel3	0xa053f0
gKartYoshi126Wheel0	0xa05470
gKartYoshi126Wheel1	0xa054f0
gKartYoshi126Wheel2	0xa05570
gKartYoshi126Wheel3	0xa055f0
gKartYoshi127Wheel0	0xa05670
gKartYoshi127Wheel1	0xa056f0
gKartYoshi127Wheel2	0xa05770
gKartYoshi127Wheel3	0xa057f0
gKartYoshi128Wheel0	0xa05870
gKartYoshi128Wheel1	0xa058f0
gKartYoshi128Wheel2	0xa05970
gKartYoshi128Wheel3	0xa059f0
gKartYoshi129Wheel0	0xa05a70
gKartYoshi129Wheel1	0xa05af0
gKartYoshi129Wheel2	0xa05b70
gKartYoshi129Wheel3	0xa05bf0
gKartYoshi130Wheel0	0xa05c70
gKartYoshi130Wheel1	0xa05cf0
gKartYoshi130Wheel2	0xa05d70
gKartYoshi130Wheel3	0xa05df0
gKartYoshi131Wheel0	0xa05e70
gKartYoshi131Wheel1	0xa05ef0
gKartYoshi131Wheel2	0xa05f70
gKartYoshi131Wheel3	0xa05ff0
gKartYoshi132Wheel0	0xa06070
gKartYoshi132Wheel1	0xa060f0
gKartYoshi132Wheel2	0xa06170
gKartYoshi132Wheel3	0xa061f0
gKartYoshi133Wheel0	0xa06270
gKartYoshi133Wheel1	0xa062f0
gKartYoshi133Wheel2	0xa06370
gKartYoshi133Wheel3	0xa063f0
gKartYoshi134Wheel0	0xa06470
gKartYoshi134Wheel1	0xa064f0
gKartYoshi134Wheel2	0xa06570
gKartYoshi134Wheel3	0xa065f0
gKartYoshi135Wheel0	0xa06670
gKartYoshi135Wheel1	0xa066f0
gKartYoshi135Wheel2	0xa06770
gKartYoshi135Wheel3	0xa067f0
gKartYoshi136Wheel0	0xa06870
gKartYoshi136Wheel1	0xa068f0
gKartYoshi136Wheel2	0xa06970
gKartYoshi136Wheel3	0xa069f0
gKartYoshi137Wheel0	0xa06a70
gKartYoshi137Wheel1	0xa06af0
gKartYoshi137Wheel2	0xa06b70
gKartYoshi137Wheel3	0xa06bf0
gKartYoshi138Wheel0	0xa06c70
gKartYoshi138Wheel1	0xa06cf0
gKartYoshi138Wheel2	0xa06d70
gKartYoshi138Wheel3	0xa06df0
gKartYoshi139Wheel0	0xa06e70
gKartYoshi139Wheel1	0xa06ef0
gKartYoshi139Wheel2	0xa06f70
gKartYoshi139Wheel3	0xa06ff0
gKartYoshi140Wheel0	0xa07070
gKartYoshi140Wheel1	0xa070f0
gKartYoshi140Wheel2	0xa07170
gKartYoshi140Wheel3	0xa071f0
gKartYoshi141Wheel0	0xa07270
gKartYoshi141Wheel1	0xa072f0
gKartYoshi141Wheel2	0xa07370
gKartYoshi141Wheel3	0xa073f0
gKartYoshi142Wheel0	0xa07470
gKartYoshi142Wheel1	0xa074f0
gKartYoshi142Wheel2	0xa07570
gKartYoshi142Wheel3	0xa075f0
gKartYoshi143Wheel0	0xa07670
gKartYoshi143Wheel1	0xa076f0
gKartYoshi143Wheel2	0xa07770
gKartYoshi143Wheel3	0xa077f0
gKartYoshi144Wheel0	0xa07870
gKartYoshi144Wheel1	0xa078f0
gKartYoshi144Wheel2	0xa07970
gKartYoshi144Wheel3	0xa079f0
gKartYoshi145Wheel0	0xa07a70
gKartYoshi145Wheel1	0xa07af0
gKartYoshi145Wheel2	0xa07b70
gKartYoshi145Wheel3	0xa07bf0
gKartYoshi146Wheel0	0xa07c70
gKartYoshi146Wheel1	0xa07cf0
gKartYoshi146Wheel2	0xa07d70
gKartYoshi146Wheel3	0xa07df0
gKartYoshi147Wheel0	0xa07e70
gKartYoshi147Wheel1	0xa07ef0
gKartYoshi147Wheel2	0xa07f70
gKartYoshi147Wheel3	0xa07ff0
gKartYoshi148Wheel0	0xa08070
gKartYoshi148Wheel1	0xa080f0
gKartYoshi148Wheel2	0xa08170
gKartYoshi148Wheel3	0xa081f0
gKartYoshi149Wheel0	0xa08270
gKartYoshi149Wheel1	0xa082f0
gKartYoshi149Wheel2	0xa08370
gKartYoshi149Wheel3	0xa083f0
gKartYoshi150Wheel0	0xa08470
gKartYoshi150Wheel1	0xa084f0
gKartYoshi150Wheel2	0xa08570
gKartYoshi150Wheel3	0xa085f0
gKartYoshi151Wheel0	0xa08670
gKartYoshi151Wheel1	0xa086f0
gKartYoshi151Wheel2	0xa08770
gKartYoshi151Wheel3	0xa087f0
gKartYoshi152Wheel0	0xa08870
gKartYoshi152Wheel1	0xa088f0
gKartYoshi152Wheel2	0xa08970
gKartYoshi152Wheel3	0xa089f0
gKartYoshi153Wheel0	0xa08a70
gKartYoshi153Wheel1	0xa08af0
gKartYoshi153Wheel2	0xa08b70
gKartYoshi153Wheel3	0xa08bf0
gKartYoshi154Wheel0	0xa08c70
gKartYoshi154Wheel1	0xa08cf0
gKartYoshi154Wheel2	0xa08d70
gKartYoshi154Wheel3	0xa08df0
gKartYoshi155Wheel0	0xa08e70
gKartYoshi155Wheel1	0xa08ef0
gKartYoshi155Wheel2	0xa08f70
gKartYoshi155Wheel3	0xa08ff0
gKartYoshi156Wheel0	0xa09070
gKartYoshi156Wheel1	0xa090f0
gKartYoshi156Wheel2	0xa09170
gKartYoshi156Wheel3	0xa091f0
gKartYoshi157Wheel0	0xa09270
gKartYoshi157Wheel1	0xa092f0
gKartYoshi157Wheel2	0xa09370
gKartYoshi157Wheel3	0xa093f0
gKartYoshi158Wheel0	0xa09470
gKartYoshi158Wheel1	0xa094f0
gKartYoshi158Wheel2	0xa09570
gKartYoshi158Wheel3	0xa095f0
gKartYoshi159Wheel0	0xa09670
gKartYoshi159Wheel1	0xa096f0
gKartYoshi159Wheel2	0xa09770
gKartYoshi159Wheel3	0xa097f0
gKartYoshi160Wheel0	0xa09870
gKartYoshi160Wheel1	0xa098f0
gKartYoshi160Wheel2	0xa09970
gKartYoshi160Wheel3	0xa099f0
gKartYoshi161Wheel0	0xa09a70
gKartYoshi161Wheel1	0xa09af0
gKartYoshi161Wheel2	0xa09b70
gKartYoshi161Wheel3	0xa09bf0
gKartYoshi162Wheel0	0xa09c70
gKartYoshi162Wheel1	0xa09cf0
gKartYoshi162Wheel2	0xa09d70
gKartYoshi162Wheel3	0xa09df0
gKartYoshi163Wheel0	0xa09e70
gKartYoshi163Wheel1	0xa09ef0
gKartYoshi163Wheel2	0xa09f70
gKartYoshi163Wheel3	0xa09ff0
gKartYoshi164Wheel0	0xa0a070
gKartYoshi164Wheel1	0xa0a0f0
gKartYoshi164Wheel2	0xa0a170
gKartYoshi164Wheel3	0xa0a1f0
gKartYoshi165Wheel0	0xa0a270
gKartYoshi165Wheel1	0xa0a2f0
gKartYoshi165Wheel2	0xa0a370
gKartYoshi165Wheel3	0xa0a3f0
gKartYoshi166Wheel0	0xa0a470
gKartYoshi166Wheel1	0xa0a4f0
gKartYoshi166Wheel2	0xa0a570
gKartYoshi166Wheel3	0xa0a5f0
gKartYoshi167Wheel0	0xa0a670
gKartYoshi167Wheel1	0xa0a6f0
gKartYoshi167Wheel2	0xa0a770
gKartYoshi167Wheel3	0xa0a7f0
gKartYoshi168Wheel0	0xa0a870
gKartYoshi168Wheel1	0xa0a8f0
gKartYoshi168Wheel2	0xa0a970
gKartYoshi168Wheel3	0xa0a9f0
gKartYoshi169Wheel0	0xa0aa70
gKartYoshi169Wheel1	0xa0aaf0
gKartYoshi169Wheel2	0xa0ab70
gKartYoshi169Wheel3	0xa0abf0
gKartYoshi170Wheel0	0xa0ac70
gKartYoshi170Wheel1	0xa0acf0
gKartYoshi170Wheel2	0xa0ad70
gKartYoshi170Wheel3	0xa0adf0
gKartYoshi171Wheel0	0xa0ae70
gKartYoshi171Wheel1	0xa0aef0
gKartYoshi171Wheel2	0xa0af70
gKartYoshi171Wheel3	0xa0aff0
gKartYoshi172Wheel0	0xa0b070
gKartYoshi172Wheel1	0xa0b0f0
gKartYoshi172Wheel2	0xa0b170
gKartYoshi172Wheel3	0xa0b1f0
gKartYoshi173Wheel0	0xa0b270
gKartYoshi173Wheel1	0xa0b2f0
gKartYoshi173Wheel2	0xa0b370
gKartYoshi173Wheel3	0xa0b3f0
gKartYoshi174Wheel0	0xa0b470
gKartYoshi174Wheel1	0xa0b4f0
gKartYoshi174Wheel2	0xa0b570
gKartYoshi174Wheel3	0xa0b5f0
gKartYoshi175Wheel0	0xa0b670
gKartYoshi175Wheel1	0xa0b6f0
gKartYoshi175Wheel2	0xa0b770
gKartYoshi175Wheel3	0xa0b7f0
gKartYoshi176Wheel0	0xa0b870
gKartYoshi176Wheel1	0xa0b8f0
gKartYoshi176Wheel2	0xa0b970
gKartYoshi176Wheel3	0xa0b9f0
gKartYoshi177Wheel0	0xa0ba70
gKartYoshi177Wheel1	0xa0baf0
gKartYoshi177Wheel2	0xa0bb70
gKartYoshi177Wheel3	0xa0bbf0
gKartYoshi178Wheel0	0xa0bc70
gKartYoshi178Wheel1	0xa0bcf0
gKartYoshi178Wheel2	0xa0bd70
gKartYoshi178Wheel3	0xa0bdf0
gKartYoshi179Wheel0	0xa0be70
gKartYoshi179Wheel1	0xa0bef0
gKartYoshi179Wheel2	0xa0bf70
gKartYoshi179Wheel3	0xa0bff0
gKartYoshi180Wheel0	0xa0c070
gKartYoshi180Wheel1	0xa0c0f0
gKartYoshi180Wheel2	0xa0c170
gKartYoshi180Wheel3	0xa0c1f0
gKartYoshi181Wheel0	0xa0c270
gKartYoshi181Wheel1	0xa0c2f0
gKartYoshi181Wheel2	0xa0c370
gKartYoshi181Wheel3	0xa0c3f0
gKartYoshi182Wheel0	0xa0c470
gKartYoshi182Wheel1	0xa0c4f0
gKartYoshi182Wheel2	0xa0c570
gKartYoshi182Wheel3	0xa0c5f0
gKartYoshi183Wheel0	0xa0c670
gKartYoshi183Wheel1	0xa0c6f0
gKartYoshi183Wheel2	0xa0c770
gKartYoshi183Wheel3	0xa0c7f0
gKartYoshi184Wheel0	0xa0c870
gKartYoshi184Wheel1	0xa0c8f0
gKartYoshi184Wheel2	0xa0c970
gKartYoshi184Wheel3	0xa0c9f0
gKartYoshi185Wheel0	0xa0ca70
gKartYoshi185Wheel1	0xa0caf0
gKartYoshi185Wheel2	0xa0cb70
gKartYoshi185Wheel3	0xa0cbf0
gKartYoshi186Wheel0	0xa0cc70
gKartYoshi186Wheel1	0xa0ccf0
gKartYoshi186Wheel2	0xa0cd70
gKartYoshi186Wheel3	0xa0cdf0
gKartYoshi187Wheel0	0xa0ce70
gKartYoshi187Wheel1	0xa0cef0
gKartYoshi187Wheel2	0xa0cf70
gKartYoshi187Wheel3	0xa0cff0
gKartYoshi188Wheel0	0xa0d070
gKartYoshi188Wheel1	0xa0d0f0
gKartYoshi188Wheel2	0xa0d170
gKartYoshi188Wheel3	0xa0d1f0
gKartYoshi189Wheel0	0xa0d270
gKartYoshi189Wheel1	0xa0d2f0
gKartYoshi189Wheel2	0xa0d370
gKartYoshi189Wheel3	0xa0d3f0
gKartYoshi190Wheel0	0xa0d470
gKartYoshi190Wheel1	0xa0d4f0
gKartYoshi190Wheel2	0xa0d570
gKartYoshi190Wheel3	0xa0d5f0
gKartYoshi191Wheel0	0xa0d670
gKartYoshi191Wheel1	0xa0d6f0
gKartYoshi191Wheel2	0xa0d770
gKartYoshi191Wheel3	0xa0d7f0
gKartYoshi192Wheel0	0xa0d870
gKartYoshi192Wheel1	0xa0d8f0
gKartYoshi192Wheel2	0xa0d970
gKartYoshi192Wheel3	0xa0d9f0
gKartYoshi193Wheel0	0xa0da70
gKartYoshi193Wheel1	0xa0daf0
gKartYoshi193Wheel2	0xa0db70
gKartYoshi193Wheel3	0xa0dbf0
gKartYoshi194Wheel0	0xa0dc70
gKartYoshi194Wheel1	0xa0dcf0
gKartYoshi194Wheel2	0xa0dd70
gKartYoshi194Wheel3	0xa0ddf0
gKartYoshi195Wheel0	0xa0de70
gKartYoshi195Wheel1	0xa0def0
gKartYoshi195Wheel2	0xa0df70
gKartYoshi195Wheel3	0xa0dff0
gKartYoshi196Wheel0	0xa0e070
gKartYoshi196Wheel1	0xa0e0f0
gKartYoshi196Wheel2	0xa0e170
gKartYoshi196Wheel3	0xa0e1f0
gKartYoshi197Wheel0	0xa0e270
gKartYoshi197Wheel1	0xa0e2f0
gKartYoshi197Wheel2	0xa0e370
gKartYoshi197Wheel3	0xa0e3f0
gKartYoshi198Wheel0	0xa0e470
gKartYoshi198Wheel1	0xa0e4f0
gKartYoshi198Wheel2	0xa0e570
gKartYoshi198Wheel3	0xa0e5f0
gKartYoshi199Wheel0	0xa0e670
gKartYoshi199Wheel1	0xa0e6f0
gKartYoshi199Wheel2	0xa0e770
gKartYoshi199Wheel3	0xa0e7f0
gKartYoshi200Wheel0	0xa0e870
gKartYoshi200Wheel1	0xa0e8f0
gKartYoshi200Wheel2	0xa0e970
gKartYoshi200Wheel3	0xa0e9f0
gKartYoshi201Wheel0	0xa0ea70
gKartYoshi201Wheel1	0xa0eaf0
gKartYoshi201Wheel2	0xa0eb70
gKartYoshi201Wheel3	0xa0ebf0
gKartYoshi202Wheel0	0xa0ec70
gKartYoshi202Wheel1	0xa0ecf0
gKartYoshi202Wheel2	0xa0ed70
gKartYoshi202Wheel3	0xa0edf0
gKartYoshi203Wheel0	0xa0ee70
gKartYoshi203Wheel1	0xa0eef0
gKartYoshi203Wheel2	0xa0ef70
gKartYoshi203Wheel3	0xa0eff0
gKartYoshi204Wheel0	0xa0f070
gKartYoshi204Wheel1	0xa0f0f0
gKartYoshi204Wheel2	0xa0f170
gKartYoshi204Wheel3	0xa0f1f0
gKartYoshi205Wheel0	0xa0f270
gKartYoshi205Wheel1	0xa0f2f0
gKartYoshi205Wheel2	0xa0f370
gKartYoshi205Wheel3	0xa0f3f0
gKartYoshi206Wheel0	0xa0f470
gKartYoshi206Wheel1	0xa0f4f0
gKartYoshi206Wheel2	0xa0f570
gKartYoshi206Wheel3	0xa0f5f0
gKartYoshi207Wheel0	0xa0f670
gKartYoshi207Wheel1	0xa0f6f0
gKartYoshi207Wheel2	0xa0f770
gKartYoshi207Wheel3	0xa0f7f0
gKartYoshi208Wheel0	0xa0f870
gKartYoshi208Wheel1	0xa0f8f0
gKartYoshi208Wheel2	0xa0f970
gKartYoshi208Wheel3	0xa0f9f0
gKartYoshi209Wheel0	0xa0fa70
gKartYoshi209Wheel1	0xa0faf0
gKartYoshi209Wheel2	0xa0fb70
gKartYoshi209Wheel3	0xa0fbf0
gKartYoshi210Wheel0	0xa0fc70
gKartYoshi210Wheel1	0xa0fcf0
gKartYoshi210Wheel2	0xa0fd70
gKartYoshi210Wheel3	0xa0fdf0
gKartYoshi211Wheel0	0xa0fe70
gKartYoshi211Wheel1	0xa0fef0
gKartYoshi211Wheel2	0xa0ff70
gKartYoshi211Wheel3	0xa0fff0
gKartYoshi212Wheel0	0xa10070
gKartYoshi212Wheel1	0xa100f0
gKartYoshi212Wheel2	0xa10170
gKartYoshi212Wheel3	0xa101f0
gKartYoshi213Wheel0	0xa10270
gKartYoshi213Wheel1	0xa102f0
gKartYoshi213Wheel2	0xa10370
gKartYoshi213Wheel3	0xa103f0
gKartYoshi214Wheel0	0xa10470
gKartYoshi214Wheel1	0xa104f0
gKartYoshi214Wheel2	0xa10570
gKartYoshi214Wheel3	0xa105f0
gKartYoshi215Wheel0	0xa10670
gKartYoshi215Wheel1	0xa106f0
gKartYoshi215Wheel2	0xa10770
gKartYoshi215Wheel3	0xa107f0
gKartYoshi216Wheel0	0xa10870
gKartYoshi216Wheel1	0xa108f0
gKartYoshi216Wheel2	0xa10970
gKartYoshi216Wheel3	0xa109f0
gKartYoshi217Wheel0	0xa10a70
gKartYoshi217Wheel1	0xa10af0
gKartYoshi217Wheel2	0xa10b70
gKartYoshi217Wheel3	0xa10bf0
gKartYoshi218Wheel0	0xa10c70
gKartYoshi218Wheel1	0xa10cf0
gKartYoshi218Wheel2	0xa10d70
gKartYoshi218Wheel3	0xa10df0
gKartYoshi219Wheel0	0xa10e70
gKartYoshi219Wheel1	0xa10ef0
gKartYoshi219Wheel2	0xa10f70
gKartYoshi219Wheel3	0xa10ff0
gKartYoshi220Wheel0	0xa11070
gKartYoshi220Wheel1	0xa110f0
gKartYoshi220Wheel2	0xa11170
gKartYoshi220Wheel3	0xa111f0
gKartYoshi221Wheel0	0xa11270
gKartYoshi221Wheel1	0xa112f0
gKartYoshi221Wheel2	0xa11370
gKartYoshi221Wheel3	0xa113f0
gKartYoshi222Wheel0	0xa11470
gKartYoshi222Wheel1	0xa114f0
gKartYoshi222Wheel2	0xa11570
gKartYoshi222Wheel3	0xa115f0
gKartYoshi223Wheel0	0xa11670
gKartYoshi223Wheel1	0xa116f0
gKartYoshi223Wheel2	0xa11770
gKartYoshi223Wheel3	0xa117f0
gKartYoshi224Wheel0	0xa11870
gKartYoshi224Wheel1	0xa118f0
gKartYoshi224Wheel2	0xa11970
gKartYoshi224Wheel3	0xa119f0
gKartYoshi225Wheel0	0xa11a70
gKartYoshi225Wheel1	0xa11af0
gKartYoshi225Wheel2	0xa11b70
gKartYoshi225Wheel3	0xa11bf0
gKartYoshi226Wheel0	0xa11c70
gKartYoshi226Wheel1	0xa11cf0
gKartYoshi226Wheel2	0xa11d70
gKartYoshi226Wheel3	0xa11df0
gKartYoshi227Wheel0	0xa11e70
gKartYoshi227Wheel1	0xa11ef0
gKartYoshi227Wheel2	0xa11f70
gKartYoshi227Wheel3	0xa11ff0
gKartYoshi228Wheel0	0xa12070
gKartYoshi228Wheel1	0xa120f0
gKartYoshi228Wheel2	0xa12170
gKartYoshi228Wheel3	0xa121f0
gKartYoshi229Wheel0	0xa12270
gKartYoshi229Wheel1	0xa122f0
gKartYoshi229Wheel2	0xa12370
gKartYoshi229Wheel3	0xa123f0
gKartYoshi230Wheel0	0xa12470
gKartYoshi230Wheel1	0xa124f0
gKartYoshi230Wheel2	0xa12570
gKartYoshi230Wheel3	0xa125f0
gKartYoshi231Wheel0	0xa12670
gKartYoshi231Wheel1	0xa126f0
gKartYoshi231Wheel2	0xa12770
gKartYoshi231Wheel3	0xa127f0
gKartYoshi232Wheel0	0xa12870
gKartYoshi232Wheel1	0xa128f0
gKartYoshi232Wheel2	0xa12970
gKartYoshi232Wheel3	0xa129f0
gKartYoshi233Wheel0	0xa12a70
gKartYoshi233Wheel1	0xa12af0
gKartYoshi233Wheel2	0xa12b70
gKartYoshi233Wheel3	0xa12bf0
gKartYoshi234Wheel0	0xa12c70
gKartYoshi234Wheel1	0xa12cf0
gKartYoshi234Wheel2	0xa12d70
gKartYoshi234Wheel3	0xa12df0
gKartYoshi235Wheel0	0xa12e70
gKartYoshi235Wheel1	0xa12ef0
gKartYoshi235Wheel2	0xa12f70
gKartYoshi235Wheel3	0xa12ff0
gKartYoshi236Wheel0	0xa13070
gKartYoshi236Wheel1	0xa130f0
gKartYoshi236Wheel2	0xa13170
gKartYoshi236Wheel3	0xa131f0
gKartYoshi237Wheel0	0xa13270
gKartYoshi237Wheel1	0xa132f0
gKartYoshi237Wheel2	0xa13370
gKartYoshi237Wheel3	0xa133f0
gKartYoshi238Wheel0	0xa13470
gKartYoshi238Wheel1	0xa134f0
gKartYoshi238Wheel2	0xa13570
gKartYoshi238Wheel3	0xa135f0
gKartYoshi239Wheel0	0xa13670
gKartYoshi239Wheel1	0xa136f0
gKartYoshi239Wheel2	0xa13770
gKartYoshi239Wheel3	0xa137f0
gKartYoshi240Wheel0	0xa13870
gKartYoshi240Wheel1	0xa138f0
gKartYoshi240Wheel2	0xa13970
gKartYoshi240Wheel3	0xa139f0
gKartYoshi241Wheel0	0xa13a70
gKartYoshi241Wheel1	0xa13af0
gKartYoshi241Wheel2	0xa13b70
gKartYoshi241Wheel3	0xa13bf0
gKartYoshi242Wheel0	0xa13c70
gKartYoshi242Wheel1	0xa13cf0
gKartYoshi242Wheel2	0xa13d70
gKartYoshi242Wheel3	0xa13df0
gKartYoshi243Wheel0	0xa13e70
gKartYoshi243Wheel1	0xa13ef0
gKartYoshi243Wheel2	0xa13f70
gKartYoshi243Wheel3	0xa13ff0
gKartYoshi244Wheel0	0xa14070
gKartYoshi244Wheel1	0xa140f0
gKartYoshi244Wheel2	0xa14170
gKartYoshi244Wheel3	0xa141f0
gKartYoshi245Wheel0	0xa14270
gKartYoshi245Wheel1	0xa142f0
gKartYoshi245Wheel2	0xa14370
gKartYoshi245Wheel3	0xa143f0
gKartYoshi246Wheel0	0xa14470
gKartYoshi246Wheel1	0xa144f0
gKartYoshi246Wheel2	0xa14570
gKartYoshi246Wheel3	0xa145f0
gKartYoshi247Wheel0	0xa14670
gKartYoshi247Wheel1	0xa146f0
gKartYoshi247Wheel2	0xa14770
gKartYoshi247Wheel3	0xa147f0
gKartYoshi248Wheel0	0xa14870
gKartYoshi248Wheel1	0xa148f0
gKartYoshi248Wheel2	0xa14970
gKartYoshi248Wheel3	0xa149f0
gKartYoshi249Wheel0	0xa14a70
gKartYoshi249Wheel1	0xa14af0
gKartYoshi249Wheel2	0xa14b70
gKartYoshi249Wheel3	0xa14bf0
gKartYoshi250Wheel0	0xa14c70
gKartYoshi250Wheel1	0xa14cf0
gKartYoshi250Wheel2	0xa14d70
gKartYoshi250Wheel3	0xa14df0
gKartYoshi251Wheel0	0xa14e70
gKartYoshi251Wheel1	0xa14ef0
gKartYoshi251Wheel2	0xa14f70
gKartYoshi251Wheel3	0xa14ff0
gKartYoshi252Wheel0	0xa15070
gKartYoshi252Wheel1	0xa150f0
gKartYoshi252Wheel2	0xa15170
gKartYoshi252Wheel3	0xa151f0
gKartYoshi253Wheel0	0xa15270
gKartYoshi253Wheel1	0xa152f0
gKartYoshi253Wheel2	0xa15370
gKartYoshi253Wheel3	0xa153f0
gKartYoshi254Wheel0	0xa15470
gKartYoshi254Wheel1	0xa154f0
gKartYoshi254Wheel2	0xa15570
gKartYoshi254Wheel3	0xa155f0
gKartYoshi255Wheel0	0xa15670
gKartYoshi255Wheel1	0xa156f0
gKartYoshi255Wheel2	0xa15770
gKartYoshi255Wheel3	0xa157f0
gKartYoshi256Wheel0	0xa15870
gKartYoshi256Wheel1	0xa158f0
gKartYoshi256Wheel2	0xa15970
gKartYoshi256Wheel3	0xa159f0
gKartYoshi257Wheel0	0xa15a70
gKartYoshi257Wheel1	0xa15af0
gKartYoshi257Wheel2	0xa15b70
gKartYoshi257Wheel3	0xa15bf0
gKartYoshi258Wheel0	0xa15c70
gKartYoshi258Wheel1	0xa15cf0
gKartYoshi258Wheel2	0xa15d70
gKartYoshi258Wheel3	0xa15df0
gKartYoshi259Wheel0	0xa15e70
gKartYoshi259Wheel1	0xa15ef0
gKartYoshi259Wheel2	0xa15f70
gKartYoshi259Wheel3	0xa15ff0
gKartYoshi260Wheel0	0xa16070
gKartYoshi260Wheel1	0xa160f0
gKartYoshi260Wheel2	0xa16170
gKartYoshi260Wheel3	0xa161f0
gKartYoshi261Wheel0	0xa16270
gKartYoshi261Wheel1	0xa162f0
gKartYoshi261Wheel2	0xa16370
gKartYoshi261Wheel3	0xa163f0
gKartYoshi262Wheel0	0xa16470
gKartYoshi262Wheel1	0xa164f0
gKartYoshi262Wheel2	0xa16570
gKartYoshi262Wheel3	0xa165f0
gKartYoshi263Wheel0	0xa16670
gKartYoshi263Wheel1	0xa166f0
gKartYoshi263Wheel2	0xa16770
gKartYoshi263Wheel3	0xa167f0
gKartYoshi264Wheel0	0xa16870
gKartYoshi264Wheel1	0xa168f0
gKartYoshi264Wheel2	0xa16970
gKartYoshi264Wheel3	0xa169f0
gKartYoshi265Wheel0	0xa16a70
gKartYoshi265Wheel1	0xa16af0
gKartYoshi265Wheel2	0xa16b70
gKartYoshi265Wheel3	0xa16bf0
gKartYoshi266Wheel0	0xa16c70
gKartYoshi266Wheel1	0xa16cf0
gKartYoshi266Wheel2	0xa16d70
gKartYoshi266Wheel3	0xa16df0
gKartYoshi267Wheel0	0xa16e70
gKartYoshi267Wheel1	0xa16ef0
gKartYoshi267Wheel2	0xa16f70
gKartYoshi267Wheel3	0xa16ff0
gKartYoshi268Wheel0	0xa17070
gKartYoshi268Wheel1	0xa170f0
gKartYoshi268Wheel2	0xa17170
gKartYoshi268Wheel3	0xa171f0
gKartYoshi269Wheel0	0xa17270
gKartYoshi269Wheel1	0xa172f0
gKartYoshi269Wheel2	0xa17370
gKartYoshi269Wheel3	0xa173f0
gKartYoshi270Wheel0	0xa17470
gKartYoshi270Wheel1	0xa174f0
gKartYoshi270Wheel2	0xa17570
gKartYoshi270Wheel3	0xa175f0
gKartYoshi271Wheel0	0xa17670
gKartYoshi271Wheel1	0xa176f0
gKartYoshi271Wheel2	0xa17770
gKartYoshi271Wheel3	0xa177f0
gKartYoshi272Wheel0	0xa17870
gKartYoshi272Wheel1	0xa178f0
gKartYoshi272Wheel2	0xa17970
gKartYoshi272Wheel3	0xa179f0
gKartYoshi273Wheel0	0xa17a70
gKartYoshi273Wheel1	0xa17af0
gKartYoshi273Wheel2	0xa17b70
gKartYoshi273Wheel3	0xa17bf0
gKartYoshi274Wheel0	0xa17c70
gKartYoshi274Wheel1	0xa17cf0
gKartYoshi274Wheel2	0xa17d70
gKartYoshi274Wheel3	0xa17df0
gKartYoshi275Wheel0	0xa17e70
gKartYoshi275Wheel1	0xa17ef0
gKartYoshi275Wheel2	0xa17f70
gKartYoshi275Wheel3	0xa17ff0
gKartYoshi276Wheel0	0xa18070
gKartYoshi276Wheel1	0xa180f0
gKartYoshi276Wheel2	0xa18170
gKartYoshi276Wheel3	0xa181f0
gKartYoshi277Wheel0	0xa18270
gKartYoshi277Wheel1	0xa182f0
gKartYoshi277Wheel2	0xa18370
gKartYoshi277Wheel3	0xa183f0
gKartYoshi278Wheel0	0xa18470
gKartYoshi278Wheel1	0xa184f0
gKartYoshi278Wheel2	0xa18570
gKartYoshi278Wheel3	0xa185f0
gKartYoshi279Wheel0	0xa18670
gKartYoshi279Wheel1	0xa186f0
gKartYoshi279Wheel2	0xa18770
gKartYoshi279Wheel3	0xa187f0
gKartYoshi280Wheel0	0xa18870
gKartYoshi280Wheel1	0xa188f0
gKartYoshi280Wheel2	0xa18970
gKartYoshi280Wheel3	0xa189f0
gKartYoshi281Wheel0	0xa18a70
gKartYoshi281Wheel1	0xa18af0
gKartYoshi281Wheel2	0xa18b70
gKartYoshi281Wheel3	0xa18bf0
gKartYoshi282Wheel0	0xa18c70
gKartYoshi282Wheel1	0xa18cf0
gKartYoshi282Wheel2	0xa18d70
gKartYoshi282Wheel3	0xa18df0
gKartYoshi283Wheel0	0xa18e70
gKartYoshi283Wheel1	0xa18ef0
gKartYoshi283Wheel2	0xa18f70
gKartYoshi283Wheel3	0xa18ff0
gKartYoshi284Wheel0	0xa19070
gKartYoshi284Wheel1	0xa190f0
gKartYoshi284Wheel2	0xa19170
gKartYoshi284Wheel3	0xa191f0
gKartYoshi285Wheel0	0xa19270
gKartYoshi285Wheel1	0xa192f0
gKartYoshi285Wheel2	0xa19370
gKartYoshi285Wheel3	0xa193f0
gKartYoshi286Wheel0	0xa19470
gKartYoshi286Wheel1	0xa194f0
gKartYoshi286Wheel2	0xa19570
gKartYoshi286Wheel3	0xa195f0
gKartYoshi287Wheel0	0xa19670
gKartYoshi287Wheel1	0xa196f0
gKartYoshi287Wheel2	0xa19770
gKartYoshi287Wheel3	0xa197f0
gKartYoshi288Wheel0	0xa19870
gKartYoshi288Wheel1	0xa198f0
gKartYoshi288Wheel2	0xa19970
gKartYoshi288Wheel3	0xa199f0
gKartYoshiPalette	0xa19a70
_instrument_setsSegmentRomStart	0xa19bf0
music_sequence_table	0xa19c74
music_sequence_table_end	0xa19d70
seq_00_end	0xa1c5a0
seq_01_end	0xa1e0d0
seq_02_end	0xa1ee30
seq_03_end	0xa20840
seq_04_end	0xa224e0
seq_05_end	0xa24450
seq_06_end	0xa26330
seq_07_end	0xa27a00
seq_08_end	0xa29dd0
seq_09_end	0xa2b5d0
seq_0A_end	0xa2d0b0
seq_0B_end	0xa2d6a0
seq_0C_end	0xa2da70
seq_0D_end	0xa2ddd0
seq_0E_end	0xa2e0b0
seq_0F_end	0xa2e570
seq_10_end	0xa2f980
seq_11_end	0xa30060
seq_12_end	0xa33350
seq_13_end	0xa33a10
seq_14_end	0xa33ec0
seq_15_end	0xa35020
seq_16_end	0xa35330
seq_17_end	0xa365e0
seq_18_end	0xa36be0
seq_19_end	0xa382c0
seq_1A_end	0xa38d90
seq_1B_end	0xa39a10
seq_1C_end	0xa3c160
_audio_banksSegmentRomStart	0xa3cde0
_audio_tablesSegmentRomStart	0xa50620
banshee_boardwalk_textures	0xc9cae0
big_donut_textures	0xc9cc50
block_fort_textures	0xc9cca0
bowsers_castle_textures	0xc9cd20
choco_mountain_textures	0xc9cef0
dks_jungle_parkway_textures	0xc9d040
double_deck_textures	0xc9d1d0
frappe_snowland_textures	0xc9d200
kalimari_desert_textures	0xc9d290
koopa_troopa_beach_textures	0xc9d430
luigi_raceway_textures	0xc9d540
mario_raceway_textures	0xc9d7d0
moo_moo_farm_textures	0xc9d9c0
rainbow_road_textures	0xc9db90
royal_raceway_textures	0xc9dbf0
sherbet_land_textures	0xc9deb0
skyscraper_textures	0xc9df60
toads_turnpike_dl_11	0xc9e0e0
toads_turnpike_dl_10	0xc9e120
toads_turnpike_dl_9	0xc9e158
toads_turnpike_dl_8	0xc9e190
toads_turnpike_dl_7	0xc9e1d0
toads_turnpike_dl_6	0xc9e208
toads_turnpike_dl_5	0xc9e240
toads_turnpike_dl_4	0xc9e280
toads_turnpike_dl_3	0xc9e2b8
toads_turnpike_dl_2	0xc9e2f0
toads_turnpike_dl_1	0xc9e330
toads_turnpike_dl_0	0xc9e368
toads_turnpike_textures	0xc9e3a0
wario_stadium_textures	0xc9e4e0
yoshi_valley_textures	0xc9e630
D_020072F0	0x4418
D_02006B48	0x4bc0
D_0200210C	0x95e8
D_02001F44	0x97b0
D_02001F34	0x97c0
D_02001F24	0x97d0
D_02001F14	0x97e0
D_02001F04	0x97f0
D_02001EF4	0x9800
D_02001EE4	0x9810
D_02001ED4	0x9820
D_02001EC4	0x9830
D_02001EB4	0x9840
D_02001EA4	0x9850
D_02001E94	0x9860
D_02001E84	0x9870
D_02001E74	0x9880
D_02001E64	0x9890
podium2_dl4	0x104e0
d_course_banshee_boardwalk_dl_4428	0x56538
d_course_banshee_boardwalk_dl_4118	0x56830
d_course_banshee_boardwalk_dl_3920	0x57038
d_course_banshee_boardwalk_dl_2610	0x58368
d_course_banshee_boardwalk_dl_22D8	0x58678
d_course_banshee_boardwalk_dl_2028	0x58918
d_course_banshee_boardwalk_dl_1D90	0x58b90
d_course_banshee_boardwalk_dl_1B00	0x58e18
d_course_banshee_boardwalk_dl_17A0	0x59198
d_course_banshee_boardwalk_dl_12A8	0x596d0
d_course_banshee_boardwalk_dl_1160	0x597f0
d_course_banshee_boardwalk_dl_F50	0x599b8
d_course_banshee_boardwalk_dl_CD0	0x59c38
d_course_banshee_boardwalk_dl_B80	0x59d88
d_course_banshee_boardwalk_dl_160	0x5a7a8
d_course_banshee_boardwalk_dl_38	0x5a978
d_course_banshee_boardwalk_dl_0	0x5a9b0
d_course_bowsers_castle_dl_1BB0	0x84a00
d_course_bowsers_castle_dl_1690	0x84f00
d_course_bowsers_castle_dl_13A0	0x85250
d_course_bowsers_castle_dl_1330	0x852c0
d_course_bowsers_castle_dl_EA8	0x85708
d_course_dks_jungle_parkway_dl_E618	0xd6c18
d_course_dks_jungle_parkway_dl_E578	0xd6cb8
d_course_dks_jungle_parkway_dl_E310	0xd6f20
d_course_frappe_snowland_dl_2C00	0x109b00
d_course_kalimari_desert_dl_1B968	0x12d628
d_course_koopa_troopa_beach_dl_tree_trunk3	0x169f60
d_course_koopa_troopa_beach_dl_18D48	0x169f70
d_course_koopa_troopa_beach_dl_tree_top3	0x16a020
d_course_koopa_troopa_beach_dl_18C88	0x16a030
d_course_koopa_troopa_beach_dl_tree_trunk2	0x16a2b0
d_course_koopa_troopa_beach_dl_189F8	0x16a2c0
d_course_koopa_troopa_beach_dl_tree_top2	0x16a370
d_course_koopa_troopa_beach_dl_18938	0x16a380
d_course_koopa_troopa_beach_dl_tree_trunk1	0x16a600
d_course_koopa_troopa_beach_dl_186A8	0x16a610
d_course_koopa_troopa_beach_dl_tree_top1	0x16a6c0
d_course_koopa_troopa_beach_dl_185E8	0x16a6d0
d_course_luigi_raceway_dl_FBE0	0x1ae708
d_course_luigi_raceway_dl_FBC8	0x1ae718
d_course_luigi_raceway_dl_FBB8	0x1ae730
d_course_luigi_raceway_dl_FB10	0x1ae7d8
d_course_luigi_raceway_dl_FA20	0x1ae8c8
d_course_luigi_raceway_dl_FA10	0x1ae8d8
d_course_luigi_raceway_dl_FA00	0x1ae8e8
d_course_luigi_raceway_dl_F960	0x1ae988
d_course_luigi_raceway_dl_F938	0x1ae9b0
d_course_luigi_raceway_dl_F718	0x1aebd0
d_course_luigi_raceway_dl_F650	0x1aec98
d_course_luigi_raceway_dl_F640	0x1aeca8
d_course_luigi_raceway_dl_F630	0x1aecb8
d_course_luigi_raceway_dl_7EE8	0x1b6358
d_course_luigi_raceway_dl_4C60	0x1b9600
d_course_mario_raceway_dl_90B0	0x1df7f0
d_course_rainbow_road_unk_double2	0x23d700
wut	0x293070
d_course_sherbet_land_dl_4058	0x297820
d_course_sherbet_land_dl_4048	0x297830
d_course_sherbet_land_dl_4028	0x297850
d_course_sherbet_land_dl_4020	0x297858
d_course_sherbet_land_dl_4010	0x297868
d_course_sherbet_land_dl_1A58	0x299df0
d_course_sherbet_land_dl_18E8	0x299f60
d_course_sherbet_land_dl_1570	0x29a2e8
d_course_toads_turnpike_dl_23848	0x2ad728
d_course_toads_turnpike_dl_23838	0x2ad738
d_course_toads_turnpike_dl_237F8	0x2ad778
d_course_toads_turnpike_dl_205A8	0x2b09c8
d_course_toads_turnpike_dl_20598	0x2b09d8
d_course_toads_turnpike_dl_20510	0x2b0a60
d_course_toads_turnpike_dl_1D018	0x2b3f58
d_course_toads_turnpike_dl_1D008	0x2b3f68
d_course_toads_turnpike_dl_1CE70	0x2b4100
instrument_set_00	0xa19c2c
instrument_set_01	0xa19c2e
instrument_set_02	0xa19c30
instrument_set_03	0xa19c32
instrument_set_04	0xa19c34
instrument_set_05	0xa19c36
instrument_set_06	0xa19c38
instrument_set_07	0xa19c3a
instrument_set_08	0xa19c3c
instrument_set_09	0xa19c3e
instrument_set_0A	0xa19c40
instrument_set_0B	0xa19c42
instrument_set_0C	0xa19c44
instrument_set_0D	0xa19c46
instrument_set_0E	0xa19c48
instrument_set_0F	0xa19c4a
instrument_set_10	0xa19c4c
instrument_set_11	0xa19c4e
instrument_set_12	0xa19c50
instrument_set_13	0xa19c52
instrument_set_14	0xa19c54
instrument_set_15	0xa19c56
instrument_set_16	0xa19c58
instrument_set_17	0xa19c5a
instrument_set_18	0xa19c5c
instrument_set_19	0xa19c5e
instrument_set_1A	0xa19c60
instrument_set_1B	0xa19c62
instrument_set_1C	0xa19c64
instrument_set_1D	0xa19c66
_sequencesSegmentRomStart	0xa19c70
D_800DDB24	0x720
nullPath	0x1ac4
D_02007640	0x40c8
D_02007598	0x40d8
D_02007540	0x4180
D_020074E8	0x41d8
D_020074D8	0x4230
D_02007478	0x4240
D_02007468	0x42a0
D_02007458	0x42b0
D_020073B0	0x42c0
D_02007358	0x4368
D_02007300	0x43c0
D_02007290	0x4428
D_02007280	0x4488
D_02007270	0x4498
D_020071C8	0x44a8
D_02007170	0x4550
D_02007110	0x45a8
D_02007100	0x4608
D_020070A0	0x4618
D_02007090	0x4678
D_02007080	0x4688
D_02006FD8	0x4698
D_02006F80	0x4740
D_02006F28	0x4798
D_02006F18	0x47f0
D_02006EB8	0x4800
D_02006EA8	0x4860
D_02006E98	0x4870
D_02006DF0	0x4880
D_02006D98	0x4928
D_02006D40	0x4980
D_02006D30	0x49d8
D_02006CD0	0x49e8
D_02006CC0	0x4a48
D_02006CB0	0x4a58
D_02006C08	0x4a68
D_02006BB0	0x4b10
D_02006B58	0x4b68
D_02006AE8	0x4bd0
D_02006AD8	0x4c30
D_02006AC8	0x4c40
D_02006A20	0x4c50
D_020069C8	0x4cf8
D_02006970	0x4d50
D_02006960	0x4da8
D_02006900	0x4db8
D_020068F0	0x4e18
D_020068E0	0x4e28
D_02006838	0x4e38
D_020067E0	0x4ee0
D_02006788	0x4f38
D_02006778	0x4f90
D_02006718	0x4fa0
D_02006708	0x5000
D_020066E0	0x5010
D_020066B8	0x5038
D_02006690	0x5060
D_02006668	0x5088
D_02006640	0x50b0
D_02006618	0x50d8
D_020065F0	0x5100
D_020065C8	0x5128
D_020065A0	0x5150
D_02006578	0x5178
D_02006550	0x51a0
D_02006528	0x51c8
D_02006500	0x51f0
D_020064D8	0x5218
D_020064B0	0x5240
D_02006488	0x5268
D_02006460	0x5290
D_02006438	0x52b8
D_02006410	0x52e0
D_020063E8	0x5308
D_020063C0	0x5330
D_02006398	0x5358
D_02006370	0x5380
D_02006348	0x53a8
D_02006320	0x53d0
D_020062F8	0x53f8
D_020062D0	0x5420
D_020062A8	0x5448
D_02006280	0x5470
D_02006258	0x5498
D_02006230	0x54c0
D_02006208	0x54e8
D_020061E0	0x5510
D_020061B8	0x5538
D_02006190	0x5560
D_02006168	0x5588
D_02006140	0x55b0
D_02006118	0x55d8
D_020060F0	0x5600
D_020060C8	0x5628
D_020060A0	0x5650
D_02006078	0x5678
D_02006050	0x56a0
D_02006028	0x56c8
D_02006000	0x56f0
D_02005FD8	0x5718
D_02005FB0	0x5740
D_02005F88	0x5768
D_02005F60	0x5790
D_02005F38	0x57b8
D_02005F10	0x57e0
D_02005EE8	0x5808
D_02005EC0	0x5830
D_02005E98	0x5858
D_02005E70	0x5880
D_02005E48	0x58a8
D_02005E20	0x58d0
D_02005DF8	0x58f8
D_02005DD0	0x5920
D_02005DA8	0x5948
D_02005D80	0x5970
D_02005D58	0x5998
D_02005D30	0x59c0
D_02005D08	0x59e8
D_02005CE0	0x5a10
D_02005CB8	0x5a38
D_02005C90	0x5a60
D_02005C68	0x5a88
D_02005C40	0x5ab0
D_02005C18	0x5ad8
D_02005BF0	0x5b00
D_02005BC8	0x5b28
D_02005BA0	0x5b50
D_02005B78	0x5b78
D_02005B50	0x5ba0
D_02005B28	0x5bc8
D_02005B00	0x5bf0
D_02005AD8	0x5c18
D_02005AB0	0x5c40
D_02005A88	0x5c68
D_02005A60	0x5c90
D_02005A38	0x5cb8
D_02005A10	0x5ce0
D_020059E8	0x5d08
D_020059C0	0x5d30
D_02005998	0x5d58
D_02005970	0x5d80
D_02005948	0x5da8
D_02005920	0x5dd0
D_020058F8	0x5df8
D_020058D0	0x5e20
D_020058A8	0x5e48
D_02005880	0x5e70
D_02005858	0x5e98
D_02005830	0x5ec0
D_02005808	0x5ee8
D_020057E0	0x5f10
D_020057B8	0x5f38
D_02005790	0x5f60
D_02005768	0x5f88
D_02005740	0x5fb0
D_02005718	0x5fd8
D_020056F0	0x6000
D_020056C8	0x6028
D_020056A0	0x6050
D_02005678	0x6078
D_02005650	0x60a0
D_02005628	0x60c8
D_02005600	0x60f0
D_020055D8	0x6118
D_020055B0	0x6140
D_02005588	0x6168
D_02005560	0x6190
D_02005538	0x61b8
D_02005510	0x61e0
D_020054E8	0x6208
D_020054C0	0x6230
D_02005498	0x6258
D_02005470	0x6280
D_02005448	0x62a8
D_02005420	0x62d0
D_020053F8	0x62f8
D_020053D0	0x6320
D_020053A8	0x6348
D_02005380	0x6370
D_02005358	0x6398
D_02005330	0x63c0
D_02005308	0x63e8
D_020052E0	0x6410
D_020052B8	0x6438
D_02005290	0x6460
D_02005268	0x6488
D_02005240	0x64b0
D_02005218	0x64d8
D_020051F0	0x6500
D_020051C8	0x6528
D_020051A0	0x6550
D_02005178	0x6578
D_02005150	0x65a0
D_02005128	0x65c8
D_02005100	0x65f0
D_020050D8	0x6618
D_020050B0	0x6640
D_02005088	0x6668
D_02005060	0x6690
D_02005038	0x66b8
D_02005010	0x66e0
D_02004FE8	0x6708
D_02004FC0	0x6730
D_02004F98	0x6758
D_02004F70	0x6780
D_02004F48	0x67a8
D_02004F20	0x67d0
D_02004EF8	0x67f8
seg2_choco_mountain_title_texture	0x6820
seg2_mario_raceway_title_texture	0x6848
D_02004E80	0x6870
seg2_special_cup_texture	0x6ab4
seg2_star_cup_texture	0x6adc
seg2_flower_cup_texture	0x6b04
seg2_mushroom_cup_texture	0x6b2c
seg2_menu_select_texture	0x6b54
D_02004B74	0x6b7c
D_02004B4C	0x6ba4
seg2_data_texture	0x6cbc
D_02004A0C	0x6ce4
D_020049E4	0x6d0c
D_020049BC	0x6d34
seg2_menu_no_item_texture	0x6d5c
seg2_extra_CC_texture	0x6d84
seg2_150_CC_texture	0x6dac
seg2_100_CC_texture	0x6dd4
seg2_50_CC_texture	0x6dfc
seg2_textureMenuRData	0x6e24
gTextureMenuLOption	0x6e4c
D_0200487C	0x6e74
D_02004854	0x6e9c
D_0200482C	0x6ec4
D_02004804	0x6eec
D_020047DC	0x6f14
D_02004638	0x70b8
seg2_push_start_button_texture	0x70e0
seg2_copyright_1996_texture	0x7108
D_0200455C	0x7180
seg2_textureFontComma	0x71a8
D_0200450C	0x71d0
D_020044E4	0x71f8
D_020044BC	0x7220
D_02004494	0x7248
D_0200446C	0x7270
D_02004444	0x7298
D_0200441C	0x72c0
D_020043F4	0x72e8
D_020043CC	0x7310
D_020043A4	0x7338
D_0200437C	0x7360
D_02004354	0x7388
D_0200432C	0x73b0
D_02004304	0x73d8
D_020042DC	0x7400
D_020042B4	0x7428
D_0200428C	0x7450
D_02004264	0x7478
D_0200423C	0x74a0
D_02004214	0x74c8
D_020041EC	0x74f0
D_020041C4	0x7518
D_0200419C	0x7540
D_02004174	0x7568
D_0200414C	0x7590
D_02004124	0x75b8
D_020040FC	0x75e0
D_020040D4	0x7608
D_020040AC	0x7630
D_02004084	0x7658
D_0200405C	0x7680
D_02004034	0x76a8
D_0200400C	0x76d0
D_02003FE4	0x76f8
D_02003FBC	0x7720
D_02003F94	0x7748
D_02003F6C	0x7770
D_02003F44	0x7798
D_02003F1C	0x77c0
D_02003EF4	0x77e8
D_02003ECC	0x7810
D_02003EA4	0x7838
D_02003E7C	0x7860
D_02003E54	0x7888
D_02003E2C	0x78b0
D_02003E04	0x78d8
D_02003DDC	0x7900
D_02003DB4	0x7928
D_02003D8C	0x7950
D_02003D64	0x7978
D_02003D3C	0x79a0
D_02003D14	0x79c8
D_02003CEC	0x79f0
D_02003CC4	0x7a18
D_02003C9C	0x7a40
D_02003C74	0x7a68
D_02003C4C	0x7a90
D_02003C24	0x7ab8
D_02003BFC	0x7ae0
D_02003BD4	0x7b08
D_02003BAC	0x7b30
D_02003B84	0x7b58
D_02003B5C	0x7b80
D_02003B34	0x7ba8
D_02003B0C	0x7bd0
D_02003AE4	0x7bf8
D_02003ABC	0x7c20
D_02003A94	0x7c48
D_02003A6C	0x7c70
D_02003A44	0x7c98
D_02003A1C	0x7cc0
D_020039F4	0x7ce8
D_020039CC	0x7d10
D_020039A4	0x7d38
D_0200397C	0x7d60
D_02003954	0x7d88
D_0200392C	0x7db0
D_02003904	0x7dd8
D_020038DC	0x7e00
D_020038B4	0x7e28
D_0200388C	0x7e50
D_02003864	0x7e78
D_0200383C	0x7ea0
D_02003814	0x7ec8
D_020037EC	0x7ef0
D_020037C4	0x7f18
D_0200379C	0x7f40
D_02003774	0x7f68
D_0200374C	0x7f90
D_02003724	0x7fb8
D_020036FC	0x7fe0
D_020036D4	0x8008
D_020036AC	0x8030
D_02003684	0x8058
D_0200365C	0x8080
D_02003634	0x80a8
D_0200360C	0x80d0
D_020035E4	0x80f8
D_020035BC	0x8120
D_02003594	0x8148
D_0200356C	0x8170
D_02003544	0x8198
D_0200351C	0x81c0
D_020034F4	0x81e8
D_020034CC	0x8210
D_020034A4	0x8238
D_0200347C	0x8260
D_02003454	0x8288
D_0200342C	0x82b0
D_02003404	0x82d8
D_020033DC	0x8300
D_020033B4	0x8328
D_0200338C	0x8350
D_02003364	0x8378
D_0200333C	0x83a0
D_02003314	0x83c8
D_020032EC	0x83f0
D_020032C4	0x8418
D_0200329C	0x8440
D_02003274	0x8468
D_0200324C	0x8490
D_02003224	0x84b8
D_020031FC	0x84e0
D_020031D4	0x8508
D_020031AC	0x8530
D_02003184	0x8558
D_0200315C	0x8580
D_02003134	0x85a8
D_0200310C	0x85d0
D_020030E4	0x85f8
D_020030BC	0x8620
D_02003094	0x8648
D_0200306C	0x8670
D_02003044	0x8698
D_0200301C	0x86c0
D_02002FF4	0x86e8
D_02002FCC	0x8710
D_02002FA4	0x8738
D_02002F7C	0x8760
D_02002F54	0x8788
D_02002F2C	0x87b0
D_02002F04	0x87d8
D_02002EDC	0x8800
D_02002EB4	0x8828
D_02002E8C	0x8850
D_02002E64	0x8878
D_02002E3C	0x88a0
D_02002E14	0x88c8
D_02002DEC	0x88f0
D_02002DC4	0x8918
D_02002D9C	0x8940
D_02002D74	0x8968
D_02002D4C	0x8990
D_02002D24	0x89b8
D_02002CFC	0x89e0
D_02002CD4	0x8a08
D_02002CAC	0x8a30
D_02002C84	0x8a58
D_02002C5C	0x8a80
D_02002C34	0x8aa8
D_02002C0C	0x8ad0
D_02002BE4	0x8af8
D_02002BBC	0x8b20
D_02002B94	0x8b48
D_02002B6C	0x8b70
D_02002B44	0x8b98
D_02002B1C	0x8bc0
D_02002AF4	0x8be8
D_02002ACC	0x8c10
D_02002AA4	0x8c38
D_02002A7C	0x8c60
D_02002A54	0x8c88
D_02002A2C	0x8cb0
D_02002A04	0x8cd8
D_020029DC	0x8d00
D_020029B4	0x8d28
D_0200298C	0x8d50
D_02002964	0x8d78
D_0200293C	0x8da0
D_02002914	0x8dc8
D_020028EC	0x8df0
D_020028C4	0x8e18
D_0200289C	0x8e40
D_02002874	0x8e68
D_0200284C	0x8e90
D_02002824	0x8eb8
seg2_textureFontNumberNine	0x8ee0
seg2_textureFontNumberEight	0x8f08
seg2_textureFontNumberSeven	0x8f30
seg2_textureFontNumberSix	0x8f58
seg2_textureFontNumberFive	0x8f80
seg2_textureFontNumberFour	0x8fa8
seg2_textureFontNumberThree	0x8fd0
seg2_textureFontNumberTwo	0x8ff8
seg2_textureFontNumberOne	0x9020
seg2_textureFontNumberZero	0x9048
seg2_textureFontCC	0x9070
seg2_textureFontFourDote	0x9098
seg2_textureFontDot	0x90c0
seg2_textureFontPlus	0x90e8
seg2_textureFontDoubleQuote	0x9110
seg2_textureFontSimpleQuote	0x9138
seg2_textureFontInterogationMark	0x9160
seg2_textureFontMinus	0x9188
seg2_textureFontExclamationMark	0x91b0
seg2_textureFontLetterZ	0x91d8
seg2_textureFontLetterY	0x9200
seg2_textureFontLetterX	0x9228
seg2_textureFontLetterW	0x9250
seg2_textureFontLetterV	0x9278
seg2_textureFontLetterU	0x92a0
seg2_textureFontLetterT	0x92c8
seg2_textureFontLetterS	0x92f0
seg2_textureFontLetterR	0x9318
seg2_textureFontLetterQ	0x9340
seg2_textureFontLetterP	0x9368
seg2_textureFontLetterO	0x9390
seg2_textureFontLetterN	0x93b8
seg2_textureFontLetterM	0x93e0
seg2_textureFontLetterL	0x9408
seg2_textureFontLetterK	0x9430
seg2_textureFontLetterJ	0x9458
seg2_textureFontLetterI	0x9480
seg2_textureFontLetterH	0x94a8
seg2_textureFontLetterG	0x94d0
seg2_textureFontLetterF	0x94f8
seg2_textureFontLetterE	0x9520
seg2_textureFontLetterD	0x9548
seg2_textureFontLetterC	0x9570
seg2_textureFontLetterB	0x9598
seg2_textureFontLetterA	0x95c0
D_020020FC	0x95f8
D_020020EC	0x9608
D_020020DC	0x9618
D_020020CC	0x9628
D_020020BC	0x9638
D_02001F94	0x9760
D_02001F84	0x9770
D_02001F74	0x9780
D_02001F64	0x9790
D_02001F54	0x97a0
D_02001E4C	0x98a0
D_02001B04	0x9bd8
D_02001ADC	0x9c00
D_02001AB4	0x9c28
D_02001A8C	0x9c50
D_02001A64	0x9c78
D_02001A3C	0x9ca0
D_02001A14	0x9cc8
D_020019EC	0x9cf0
D_020019DC	0x9d18
D_020019CC	0x9d28
D_020019BC	0x9d38
D_020019AC	0x9d48
D_0200199C	0x9d58
D_0200198C	0x9d68
gCourseTable	0xb704
podium3_dl4	0xfa90
podium3_dl3	0xfa98
podium3_dl2	0xfaa8
podium2_dl3	0x104e8
podium2_dl2	0x104f8
podium_dl4	0x10f30
podium_dl3	0x10f38
podium_dl2	0x10f48
startup_texture_dl3	0x185a8
D_800E471C	0x219b8
D_0D008F18	0x464b0
D_0D006A40	0x48980
D_0D006A28	0x48998
D_0D006A10	0x489b0
D_0D0069F8	0x489c8
D_0D0069E0	0x489e0
D_0D0069C8	0x489f8
D_0D0069B0	0x48a10
D_0D006998	0x48a28
D_0D006980	0x48a40
D_0D006968	0x48a58
D_0D006950	0x48a70
D_0D003288	0x4c140
D_0D003278	0x4c150
D_0D001360	0x4e048
D_0D001330	0x4e078
D_0D001300	0x4e0a8
D_0D0012D0	0x4e0d8
D_0D0012A0	0x4e108
D_0D001270	0x4e138
D_0D001240	0x4e168
d_course_banshee_boardwalk_track_sections	0x4f3d8
d_course_banshee_boardwalk_dl_trash_bin	0x4ffd0
d_course_banshee_boardwalk_dl_A9C8	0x4ffe0
d_course_banshee_boardwalk_dl_A9B0	0x4fff0
d_course_banshee_boardwalk_dl_cheep_cheep	0x52e00
d_course_banshee_boardwalk_dl_4480	0x56440
d_course_banshee_boardwalk_dl_43A8	0x56590
d_course_banshee_boardwalk_dl_42D0	0x56610
d_course_banshee_boardwalk_dl_41F0	0x566e8
d_course_banshee_boardwalk_dl_4188	0x567c8
d_course_banshee_boardwalk_dl_4038	0x568a0
d_course_banshee_boardwalk_dl_3F60	0x56980
d_course_banshee_boardwalk_dl_3EF0	0x56a58
d_course_banshee_boardwalk_dl_3EB0	0x56ac8
d_course_banshee_boardwalk_dl_3D98	0x56b08
d_course_banshee_boardwalk_dl_3CD0	0x56c20
d_course_banshee_boardwalk_dl_3C40	0x56ce8
d_course_banshee_boardwalk_dl_3C00	0x56d78
d_course_banshee_boardwalk_dl_3AF8	0x56db8
d_course_banshee_boardwalk_dl_3A20	0x56ec0
d_course_banshee_boardwalk_dl_3980	0x56f98
d_course_banshee_boardwalk_dl_37F0	0x57098
d_course_banshee_boardwalk_dl_3710	0x571c8
d_course_banshee_boardwalk_dl_3660	0x572a8
d_course_banshee_boardwalk_dl_35A0	0x57358
d_course_banshee_boardwalk_dl_3468	0x57418
d_course_banshee_boardwalk_dl_3390	0x57550
d_course_banshee_boardwalk_dl_32B0	0x57628
d_course_banshee_boardwalk_dl_3200	0x57708
d_course_banshee_boardwalk_dl_3100	0x577b8
d_course_banshee_boardwalk_dl_3050	0x578b8
d_course_banshee_boardwalk_dl_2FA0	0x57968
d_course_banshee_boardwalk_dl_2EE0	0x57a18
d_course_banshee_boardwalk_dl_2E20	0x57ad8
d_course_banshee_boardwalk_dl_2DB0	0x57b98
d_course_banshee_boardwalk_dl_2CE0	0x57c08
d_course_banshee_boardwalk_dl_2C30	0x57cd8
d_course_banshee_boardwalk_dl_2B88	0x57d88
d_course_banshee_boardwalk_dl_2AE0	0x57e30
d_course_banshee_boardwalk_dl_2A18	0x57ed8
d_course_banshee_boardwalk_dl_2980	0x57fa0
d_course_banshee_boardwalk_dl_28A8	0x58038
d_course_banshee_boardwalk_dl_2868	0x58110
d_course_banshee_boardwalk_dl_2790	0x58150
d_course_banshee_boardwalk_dl_2718	0x58228
d_course_banshee_boardwalk_dl_2650	0x582a0
d_course_banshee_boardwalk_dl_2448	0x584d0
d_course_banshee_boardwalk_dl_2138	0x587f0
d_course_banshee_boardwalk_dl_1EA0	0x58a78
d_course_banshee_boardwalk_dl_1C20	0x58cf0
d_course_banshee_boardwalk_dl_1940	0x58f88
d_course_banshee_boardwalk_dl_1820	0x590e0
d_course_banshee_boardwalk_dl_16B8	0x59218
d_course_banshee_boardwalk_dl_1678	0x59300
d_course_banshee_boardwalk_dl_1580	0x59340
d_course_banshee_boardwalk_dl_1520	0x59438
d_course_banshee_boardwalk_dl_1448	0x59498
d_course_banshee_boardwalk_dl_13F0	0x59570
d_course_banshee_boardwalk_dl_12E8	0x595c8
d_course_banshee_boardwalk_dl_11C8	0x59710
d_course_banshee_boardwalk_dl_1000	0x59948
d_course_banshee_boardwalk_dl_E10	0x59ad8
d_course_banshee_boardwalk_dl_AD0	0x59e38
d_course_banshee_boardwalk_dl_9E0	0x59ee8
d_course_banshee_boardwalk_dl_940	0x59fd8
d_course_banshee_boardwalk_dl_870	0x5a078
d_course_banshee_boardwalk_dl_7C0	0x5a148
d_course_banshee_boardwalk_dl_6D0	0x5a1f8
d_course_banshee_boardwalk_dl_620	0x5a2e8
d_course_banshee_boardwalk_dl_540	0x5a398
d_course_banshee_boardwalk_dl_4F0	0x5a478
d_course_banshee_boardwalk_dl_408	0x5a4c8
d_course_banshee_boardwalk_dl_358	0x5a5b0
d_course_banshee_boardwalk_dl_270	0x5a660
d_course_banshee_boardwalk_dl_210	0x5a748
d_course_banshee_boardwalk_dl_A0	0x5a858
d_course_bowsers_castle_addr	0x7d110
d_course_bowsers_castle_dl_thwomp	0x7d578
d_course_bowsers_castle_dl_9078	0x7d588
d_course_bowsers_castle_dl_4EA8	0x81680
d_course_bowsers_castle_dl_4CE8	0x81768
d_course_bowsers_castle_dl_4C00	0x81928
d_course_bowsers_castle_dl_4A98	0x81a10
d_course_bowsers_castle_dl_4998	0x81b78
d_course_bowsers_castle_dl_4820	0x81c78
d_course_bowsers_castle_dl_4748	0x81df0
d_course_bowsers_castle_dl_45D8	0x81ec8
d_course_bowsers_castle_dl_4488	0x82038
d_course_bowsers_castle_dl_4358	0x82188
d_course_bowsers_castle_dl_4278	0x822b8
d_course_bowsers_castle_dl_40F0	0x82398
d_course_bowsers_castle_dl_3FF0	0x82520
d_course_bowsers_castle_dl_3EA8	0x82620
d_course_bowsers_castle_dl_3D78	0x82768
d_course_bowsers_castle_dl_3C08	0x82898
d_course_bowsers_castle_dl_3B00	0x82a08
d_course_bowsers_castle_dl_39E0	0x82b10
d_course_bowsers_castle_dl_38F8	0x82c30
d_course_bowsers_castle_dl_37D8	0x82d18
d_course_bowsers_castle_dl_3678	0x82e38
d_course_bowsers_castle_dl_35D0	0x82f98
d_course_bowsers_castle_dl_3508	0x83040
d_course_bowsers_castle_dl_3480	0x83108
d_course_bowsers_castle_dl_3338	0x83190
d_course_bowsers_castle_dl_32C0	0x832d8
d_course_bowsers_castle_dl_3230	0x83350
d_course_bowsers_castle_dl_3158	0x833e0
d_course_bowsers_castle_dl_3050	0x834b8
d_course_bowsers_castle_dl_2FB0	0x835c0
d_course_bowsers_castle_dl_2F30	0x83660
d_course_bowsers_castle_dl_2DF8	0x836e0
d_course_bowsers_castle_dl_2D08	0x83818
d_course_bowsers_castle_dl_2C48	0x83908
d_course_bowsers_castle_dl_2B80	0x839c8
d_course_bowsers_castle_dl_2A60	0x83a90
d_course_bowsers_castle_dl_2958	0x83bb0
d_course_bowsers_castle_dl_2880	0x83cb8
d_course_bowsers_castle_dl_2760	0x83d90
d_course_bowsers_castle_dl_2688	0x83eb0
d_course_bowsers_castle_dl_2578	0x83f88
d_course_bowsers_castle_dl_24B8	0x84098
d_course_bowsers_castle_dl_2398	0x84158
d_course_bowsers_castle_dl_22E8	0x84278
d_course_bowsers_castle_dl_21F0	0x84328
d_course_bowsers_castle_dl_2130	0x84420
d_course_bowsers_castle_dl_2008	0x844e0
d_course_bowsers_castle_dl_1FA0	0x84608
d_course_bowsers_castle_dl_1EB0	0x84670
d_course_bowsers_castle_dl_1DF8	0x84760
d_course_bowsers_castle_dl_1CD0	0x84818
d_course_bowsers_castle_dl_1C98	0x84940
d_course_bowsers_castle_dl_1C60	0x84978
d_course_bowsers_castle_dl_1C38	0x849b0
